Seri Numaras,Kategori,Raf,A‡klama,Not,Stok GiriŸ,Yenileme Tarihi
000 589 24 07 00,˜€ €EKT˜RME,PANO-1,,,,
000 589 37 37 00,P˜STON SEGMANI,PANO-2,,,,
000 589 52 37 00,PEN€E,PANO-3,,,,
000 589 52 43 00,€EKT˜RME FREN S˜L˜ND˜R,PANO-3 A-7 B-3 ALTI,,,,
001 589 72 09 00,LOKMA 65 MM,A-2 RAF,,,,
103 589 02 09 00,F˜LTRE KAPAK ANAHTARI,Pano-1,,,,
112 589 00 01 00,EKSANTR˜K TUTUCU,PANO-3,,,,
112 589 00 10 00,MAFSALLI ALLEN,PANO-3,,,,
112 589 00 15 00,MALAFA,PANO-2,,,,
112 589 00 32 00,EKSANTR˜K SAB˜TLEY˜C˜,PANO-3,,,,
112 589 01 03 00,™ZEL YILDIZ ANAHTARI,A-5,,,,
112 589 01 09 00,BUJ˜ ANAHTARI,PANO-1,,,,
112 589 01 32 00,EKSANTR˜K SAB˜TLEY˜C SOL ,PANO-3,,,,
112 589 03 31 00,MERKEZLEME M˜L˜,PANO-2,,,,
112 589 03 40 00,KRANK K˜L˜TLEME,PANO-2,,,,
112 589 09 63 00, Z˜NC˜R P˜M PER€˜NLEME,,,,,
116 589 01 62 00,FREN YAYI KANCASI,PANO-1 A-5,,,,
113 589 00 40 00,KARI TUTUCU,,,,,
116 589 02 07 00,ALLEN (T) ANAHTAR ,PANO-1,,,,
116 589 03 07 00,ALLEN (T) ANAHTAR ,PANO-1,,,,
116 589 20 33 00,Z˜NC˜R P˜M˜ €EKT˜RMES˜,,,,,
119 589 04 63 00,BASIN€LI HORTUM,,,,,
124 589 03 33 00,ROT €EKT˜RME,A-2,,,,
123 589 03 43 00,MONTAJ ALET˜,PANO-2,,,,
124 589 03 34 00,ROT €EKT˜RME,,,,,
124 589 05 43 00,SARI €EKT˜RME,,,,,
126 589 01 62 00,MONTAJ ALET˜,PANO-3,,,,
126 589 02 09 00,30 LOKMA,PANO-2,,,,
129 589 00 21 00 ,TEST ADAPT™Rš,A-5,,,,
129 589 00 34 00,€EKT˜RME AYA¦I,A-6,,,,
129 589 01 07 00,FLAN ANAHTARI,A-2,,,,
129 589 01 33 00,€EKT˜RME,PANO-4,,,,
137 589 00 33 00,€EKT˜RME,PANO-2,,,,
137 589 01 33 00,€EKT˜RME,PANO-2,,,,
140 589 13 43 00,BANT MONTAJ ALET˜,PANO-4,,,,
140 589 43 63 00,KONTROL KABLOSU,,,,,
163 589 00 07 00,FLAN TUTUCU,PANO-3,,,,
163 589 02 43 00,LAST˜K HUR€ €EKT˜RME,PANO-4,,,,
166 589 00 03 00,V KAYI MONTAJ ANAHTARI,A-1 RAF,,,,
166 589 00 14 00 ,MALAFA KRANK ARKA,BšYšK PANO RAF-1,,,,
166 589 00 59 00,MONTAJ TAHTASI S˜L˜ND˜R˜,A-1 RAF,,,,
166 589 01 40 00,SAB˜TLEME VALANTI,PANO-2,,,,
168 589 00 15 00,MALAFA PR˜ZD˜REK KE€ES˜,BšYšK PANO-1,,,,
168 589 00 37 00,PENSE FREN YAYLARI,PANO-4,,,,
168 589 01 15 00,MALAFA YAN M˜L KE€ES˜,PANO-2,,,,
168 589 02 63 00,HELEZON YAY €EKT˜RME,B-1,,,,
168 589 04 63 00,KONTROL KABLOSU 77 UC,A-9,,,,
201 589 00 01 00,A€IK A¦IZ ANAHTAR,A-6,,,,
201 589 12 43 00,BANT MONTAJ ALET˜,PANO-3,,,,
203 589 00 43 00,€EKT˜RME ,B-1,,,,
203 589 01 07 00,DEPO MššR ANAHTARI,A-3,,,,
203 589 01 31 00,HELEZON YAYI €EKT˜RME M˜L˜,B-1,,,,
203 589 01 43 00,€EKT˜RME,A-1 RAF,,,,
203 589 01 63 00,HELEZON YAYI €EKT˜RME BALI¦I,,,,,
343 589 00 40 00,KOMPARAT™R AYA¦I,PANO-1,,,,
407 589 00 63 00,MOTOR D™NDERME,C-4 RAF,,,,
601 589 00 10 00,ALLEN ANAHTAR,,,,,
601 589 02 40 00,KRANK SAB˜TLEME ALET˜,A-6,,,,
616 589 00 34 00,P˜M €EKT˜RME PAR€ASI,,,,,
617 589 00 10 00,ALLEN ANAHTAR,PANO-1,,,,
658 589 00 63 00,KONTROL KABLOSU ABS,,,,,
000 589 12 09 00,LOKMA 50 MM,,,,,
30-36-41,A€IK A¦IZ ANAHTAR,,,,,
000 589 14 09 00,LOKMA 60 MM,,,,,
001 589 50 33 00,€EKT˜RME,PANO-4,,,,
001 589 76 09 00,TORKLA ALLEN TAKIMI,,,,,
,LOKMA 55 MM,,,,,
113 589 00 01 00,A€IK A¦IZ ANAHTAR,PANO-1 ,,,,
116 589 22 33 00,PORYA €EKT˜RME,PANO-3,,,,
140 589 02 33 00,KANCA G™STERGE PENEL˜,PANO-1,,,,
168 589 01 91 00,KAP RADYAT™R ™L€ME ALET˜,A-5,,,,
000 589 58 43 00,Z˜NC˜R P˜M PE€˜NLEME,A-2,,,,
128 589 00 21 00,F˜L˜ SOKET KUTUSU,,,,,
124 589 05 19 00,D˜SK KUMPASI,PANO-2,,,,
140 589 00 31 00,HELEZON YAYI €EKT˜RME M˜L˜,,,,,
202 589 13 63 00,YAY €EKT˜RME M˜L˜,,,,,
202 589 14 63 00,YAY €EKT˜RME M˜L˜,,,,,
203 589 00 07 00,2 TIRNAKLI ™ZEL LOKMA,,,,,
111 589 25 63 00,S˜BOP YAYI S™KME ALET˜,,,,,
102 589 02 09 00,BUJ˜ ANAHTARI,PANO-1,,,,
435 589 01 31 00,SAB˜TLEME ALET˜,PANO-2,,,,
000 589 68 03 00,YILDIZ ANAHTAR 17  REKOR,A-2--B-3 ALTI,,,,
001 589 27 33 00,€EKT˜RME,,,,,
000 589 51 37 00,SEKMAN PEN€E,,,,,
104 589 00 63 00,KONTROL KABLOSU, A-8,,,,
123 589 00 16 00,UZATMA UZUN KOL,PANO-1,,,,
000 589 02 34 00,€EKT˜RME PAR€ASI,,,,,
201 589 06 34 00,€EKT˜RME PAR€ASI,,,,,
611 589 00 90 00,YAKIT BASIN€ HORTUMU,A-3,,,,
360 589 00 24 00,MANOMETRE-HAVA SAAT˜-,,,,,
460 589 00 21 00,MASTAR,PANO-3,,,,
W-137 589 00 63 00,™ZEL EL ALET˜,A-8,,,,
638 589 05 63 00 ,™ZEL EL ALET˜,A-8,,,,
001 589 76 21 00,™ZEL EL ALET˜,B-2,,,,
124 589 24 21 00,™ZEL EL ALET˜,A-5,,,,
210 589 00 91 00,™ZEL EL ALET˜,A-5,,,,
202 589 00 93 00,™ZEL EL ALET˜,,,,,
210 589 00 71 00,™ZEL EL ALET˜,A-9,,,,
000 589 40 37 00,™ZEL EL ALET˜,PANO-2,,,,
201 589 01 33 00,™ZEL EL ALET˜,A-6,,,,
166 589 00 43 00,€EKME APARATI (6 PAR€A),A-1,,,,
201 589 00 34 00,™ZEL EL ALET˜,BšYšK PAMO-1 RAF,,,,
140 589 08 43 00,™ZEL EL ALET˜,A-4,,,,
140 589 01 34 00,™ZEL EL ALET˜,BšYšK  PANO-1 RAF,,,,
271 589 00 63 00,™ZEL EL ALET˜, A-8,,,,
204 589 13 21 00,™ZEL EL ALET˜,,,,,
220 589 03 43 00,™ZEL EL ALET˜ ROT ATTIRMA TAKIMLARI,A-2,,,,
202 589 02 33 00,™ZEL EL ALET˜,A-2,,,,
611 589 07 63 00,™ZEL EL ALET˜,A-8,,,,
611 589 05 21 00,™ZEL EL ALET˜,A-8,,,,
202 589 00 43 00,™ZEL EL ALET˜,A-6,,,,
201 589 13 21 00,™ZEL EL ALET˜ VAKUM METRE SAAT˜,A-2,,,,
220 589 00 99 00,ELEKTR˜K €ANTASI,Kš€šK PANO-1,,,,
000 589 26 68 00,ENJEKT™R FIR€ASI,PANO-3,,,,
211 589 00 63 00,KL˜MA REKORU,A-6,,,,
230 589 02 63 00,SBC KABLOSU,A-9,,,,
611 589 01 63 00,KOMPR™S™R BUJ˜ YER˜,A-5,,,,
220 589 00 33 00,DENGE KOLU €EKT˜RME,A-2,,,,
140 589 17 63 00,DRK POMPA BASIN€,PANO-3,,,,
220 589 06 43 00,™N TABLA €EKT˜RME,A-6,,,,
124 589 02 34 00,B˜LYA S™KME TAKMA,A-6,,,,
140 589 45 63 00,SšSPANSYON KONTROL,A-8,,,,
220 589 00 99 35,ADAPT™R KABLO,A-8,,,,
611 589 03 63 00,ADAPT™R KABLO,A-8,,,,
163 589 03 43 00,€EKT˜RME,A-2+A-9,,,,
129 589 03 43 00,ALT KAFA €EKT˜RME,A-6,,,,
211 589 00 09 00,AMART˜S™R HORTUMU,A-5,,,,
169 589 00 91 00,RADYAT™R KAPA¦I,A-5,,,,
639 589 00 91 00,RADYAT™R KAPA¦I,A-5,,,,
611 589 00 40 00,KANAT ANAHTARI,A-3---B-3 ALTI,,,,
Q 8454 984 0000,™ZEL EL ALET˜,A-4,,,,
1034 290 MM,E¦R˜ YAYSIZ  SEGMAN PENSES˜,,,,,
1036 300 MM,DšZ YAYLI SEGMAN PENSES˜,,,,,
1038 300 MM,E¦R˜ YAYLI SEGMAN PENSES˜,,,,,
1032 300 MM,DšZ YAYSIZ SEGMAN PENSES˜,,,,,
209 589 07 23 00,™N KAPI MASTARI,A-5,,,,
209 589 00 09 00,KOMB˜ LOKMA ANAHTARI, B-4,,,,
203 589 02 31 00,™ZEL EL ALET˜,A-3,,,,
203 589 00 07 00,™ZEL EL ALET˜,,,,,
950 589 01 99 03,™ZEL EL ALET˜,,,,,
950 589 01 99 02,™ZEL EL ALET˜, PANO-1,,,,
611 589 05 63 00,™ZEL EL ALET˜, A-3,,,,
230 589 00 22 00,PROGRAM CD'S˜,,,,,
124 589 06 21 00,DRK POMPA TEST C˜HAZI, B-2,,,,
111/8-3/4,LOKMA,,,,,
000 589 77 03 00,™ZEL EL ALET˜, PANO-2,,,,
602 589 03 63 00,™ZEL EL ALET˜,,,,,
611 589 00 03 00,™ZEL EL ALET˜,A-2,,,,
611 589 01 21 00,™ZEL EL ALET˜,,,,,
126 589 00 10 00,SRS S™KME TAKMA ALET˜,PANO-1,,,,
001 589 78 09 00,ISITMA BUJ˜ LOKMASI,PANO-1,,,,
611 589 00 90 00,BESLEME POMPASI ARA HORTUMU,,,,,
113 589 00 01 00,TERM˜K S™KME TAKIMI,,,,,
113 589 00 40 00,KANAT S™KME TAKIMI,PANO-2,,,,
A 000 589 03 50,TAKIM €ANTSI,B-6,,,,
,D˜AGNOST˜K KABLO,,,,,
,˜NTERFACE C˜HAZI,,,,,
,EBS PROGRAM KARTI,,,,,
,MTCO-ADAPTER II,,,,,
422 589 01 09 00,LOKMA,,,,,
422 589 02 09 00,APARAT,,,,,
,250 KARAS™RCš MAKASI,,,,,
,POL˜S PENSE,,,,,
124 589 06 21 00,DRK. POMPA TEST C˜HAZI,,,,,
1 1/8-3/4,LOKMA,,,,,
668 589 00 34 00,™ZEL EL ALET˜,,,,,
303 589 00 90 00,DREKS. TEST C˜HAZI HORTUMU,,,,,
140-202,KASA KALIPLARI,,,,,
8050,MOTOR KOMPRESYONUNU ™L€. SA.,,,,,
140 589 03 63 00,™ZEL EL ALET˜,A-9,,,,
140 589 06 63 00,™ZEL EL ALET˜,Kš€šK PANO-šST RAF,,,,
102 589 00 33 00,™ZEL EL ALET˜,PANO-4,,,,
000 589 22 01 00,A€IK A¦IZ ANAHTAR 19 MM. ,A-6,,,,
000 589 23 01 00,A€IK A¦IZ ANAHTAR 22 MM.,A-6,,,,
000 589 12 28 02,PLAST˜K BORU BI€A¦I,A-5,,,,
360 589 00 21 00,FREN TEST,B-1,,,,
620 589 00 59 00,ANZUMAN ASKI TERT˜BATI,A-2,,,,
617 589 04 23 00,SENT˜L 60 (1 SET),,,,,
000 589 38 31 00,P˜STON SEKMAN KELEP€ES˜,A-5,,,,
749 589 00 07 00,PORYA ANAHTARI, PANO-2,,,,
102 589 01 14 00,YšKSšK,A-4,,,,
102 589 01 40 00,KRANK SAB˜TLEME,A-2,,,,
102 589 05 33 00,€EKT˜RME,A-2,,,,
111 589 25 63 00,SUBAP YAYI S™KME ALET˜ AYA¦I,,,,,
102 589 04 63 00,KONTROL KABLOSU,A-8,,,,
124 589 45 63 00,KONTROL KABLOSU,A-8,,,,
140 589 29 63 00,KONTROL KABLOSU,A-8,,,,
140 589 09 33 00,ROT €EKT˜RME,A-2,,,,
140 589 11 43 00,BUR€ €EKT˜RME,,,,,
140 589 24 63 00,BASKI PAR€ASI,A-5,,,,
140 589 00 33 00,ROT €EKT˜RME,A-2,,,,
126 589 00 01 00,AFT ANAHTARI 46,A-6,,,,
001 589 66 21 00,TORK ANAHTARI (AFT ˜€˜N),A-2,,,,
126 589 15 63 00,ADAPT™R ABS,A-5,,,,
 140 589 10 33 00 ,BASKI PAR€ASI, A-2,,,,
 202 589 14 63 00,™ZEL EL ALET˜,,,,,
 126 589 09 21 00,ABS KONTROL ALET˜,A-8,,,,
 001 589 76 09 00,LOKMA SET˜,Kš€šK PANO  RAF-2,,,,
 140 589 14 63 00,™ZEL EL ALET˜,A-8,,,,
 124 589 09 63 00,MONTAJ ALET˜,A.5,,,,
 403 589 00 21 00 ,KOMP. ™L€ME ALET˜,,,,,
 000 589 12 28 00,KABLO KES˜C˜,A-5,,,,
 442 589 00 31 00,POMPA ˜ST˜NAT ANAHTARI,,,,,
406 589 00 43 00,KE€E APARATI,UN˜MOG    PANO-1,,,,
425 589 00 61 00,APARAT,,,,,
406 589 02 59 00,APARAT,BšYšK   PANO-2,,,,
425 589 01 62 00,APARAT,PANO-4,,,,
435 589 00 43 00,APARAT,PANO-4,,,,
425 589 01 62 00,APARAT,,,,,
406 589 06 33 00,ROT ATTIRACA¦I,A-7,,,,
406 589 01 59 00,APARAT,UN˜MOG   PANO-1,,,,
352 589 01 31 00,KE€E APARATI -F˜T˜L €AKACA¦I, A-7,,,,
317 589 06 15 00,APARAT,BšYšK PANO-2,,,,
363 589 01 07 00,PORYE ANAHTAR,C-3,,,,
352 589 07 15 00,ANAHTAR,UN˜MOG    PANO-1,,,,
435 589 01 43 00,ANAHTAR,UN˜MOG    PANO-3,,,,
425 589 04 43 00,ANAHTAR,UN˜MOG    PANO-3,,,,
424 589 01 43 00,ANAHTAR,MEPANO-4,,,,
617 589 01 63 00,ANAHTAR,,,,,
318 589 00 15 00,ANAHTAR,UN˜MOG    PANO-3,,,,
                  ,H˜DROL˜K HAVA ALMA POMP.,,,,,
                  ,EYE,,,,,
                  ,T™RPš,,,,,
000 589 29 34 00,ANZUMAN €EKT˜RME ALET˜,C-3,,,,
                  ,PAFTA TUTUCU,,,,,
                  ,MUHTEL˜F KILAVUZ,,,,,
                  ,MUHTEL˜F PAFTA,,,,,
                  ,MUHTEL˜F YILDIZ ANAHTAR,,,,,
180 589 00 30 00,MALAFA,,,,,
360 589 00 15 00,MALAFA,UN˜MOG   PANO-3,,,,
001 589 07 33 00,APARAT,,,,,
601 589 02 59 03,ANAHTAR,PANO-4,,,,
442 589 00 91 00,VENT˜L,PANO-1,,,,
000 589 27 01 00,ANAHTAR 19,PANO-2,,,,
102 589 13 15 00,TAPA ,PANO-1,,,,
123 589 02 33 00,€EKT˜RME,A-3 ALTI,,,,
601 589 19 33 00 ,™ZEL €EKT˜RME TAKIMI,,,,,
000 589 43 33 00,€EKT˜RME,,,,,
000 34 07 00,8 E¦R˜ LOKMA,,,,,
000 589 04 07 00,10 LOKMA,,,,,
123 589 02 10 00,8 MAVSALLI G™MME,PANO-1,,,,
381 589 00 31 00,ANAHTAR,PANO-3,,,,
110 589 01 01 00,S˜BOP AYAR ANAHTARI,PANO-1,,,,
442 581 01 66 00,REKOR ANAHTARI,,,,,
119 589 02 09 00,BUJ˜ LOKMASI,PANO-1,,,,
116 589 01 40 00,VOLANT TUTUCU,PANO-2,,,,
103 589 00 33 03,€EKT˜RME,PANO3,,,,
615 589 00 33 00,€EKT˜RME,PANO-1,,,,
001 589 48 21 00,RADYAT™R BASIN€ SAAT˜,PANO-3,,,,
201 589 06 15 00,MALAFA,PANO-3,,,,
001 589 43 33 00,BALATA €EKT˜RME,UN˜MOG    PANO-2,,,,
116 589 00 43 00,S˜BOP LAST˜K GE€˜RECE¦˜,PANO-2,,,,
617 589 00 43 00,S˜BOP LAST˜K GE€˜RECE¦˜,PANO-2,,,,
116 589 01 43 00,S˜BOP LAST˜K GE€˜RECE¦˜,PANO-2,,,,
220 589 01 99 50,TORNAV˜DA,A-9 ALTI,,,,
357002,AIRPULLER U€ SET˜,,,,,
Q84553080000,˜LAVE AKS YA¦ DOLUM C˜HAZI,,,,,
425 589 00 33 00,€EKT˜RME,UN˜MOG    PANO-2,,,,
424 589 00 33 00,€EKT˜RME,UN˜MOG    PANO-2,,,,
000 589 15 31 00,APARAT,UN˜MOG    PANO-3,,,,
422 589 00 43 00,APARAT,,,,,
387 589 02 37 00,REKOR PENSE,,,,,
520 983 03 99 00,APARAT,,,,,
000 589 01 13 00,APARAT,,,,,
615 589 00 21 00,APARAT,,,,,
617 589 05 23 00,APARAT,,,,,
116 589 08 21 00,APARAT,,,,,
312 589 09 07 00,ALET,,,,,
636 589 02 03 00,ANAHTAR,A-5,,,,
352 589 00 23 00,YA¦ TAZ˜K ALET˜,UN˜MOG    PANO-2,,,,
601 589 00 53 00,T KOL ,,,,,
422 589 00 63 00,POMPA TAKMA ALET˜,,,,,
406 589 00 61 00,MALAFA,PANO-1,,,,
312 589 01 15 00,MALAFA,UN˜MOG     PANO-3,,,,
116 589 00 13 00,LOKMA,PANO-3,,,,
601 589 13 63 00,€EKT˜RME,,,,,
443 589 02 33 00,ANZUMAN €EKT˜RME  ,,,,,
126 589 04 31 00,MASTAR,PANO-3,,,,
201 589 07 21 00,BANT BALIK ALET˜,PANO-2,,,,
201 589 00 37 00,™ZEL PENSE, PANO-3,,,,
126 589 00 35 00,,PANO-4,,,,
201 589 03 59 00,BANT S™KME ALET˜,PANO-3,,,,
126 589 06 23 00,FLAN,,,,,
636374,SOS˜ST S˜L˜KON TABANCA,B-5,,,,
210 589 00 07 00,KONTAK S™KME CONTASI,A-5,,,,
KD1152A,SCOOTER BLOCK,,,,,
KOT2095,OBDPL NGCSC,,,,,
K9511,INSTALLER RECEIVER B,,,,,
K9672,INSTALLER ,,,,,
400 589 04 21 00,YA¦ KONTROL €UBU¦U ,,,,,
639 589 11 63 00,ADAPT™R KABLO,A-8,,,,
ART˜CLE NO:F 13782(400 ML),S˜KA JETFLOW GUN SL˜KON TABANCASI,,,,,
642 589 00 09 00,YA¦ F˜LTRES˜ S™KME APARTI,PANO-1,,,,
AD506,DAYAMA SET˜ - 9 PAR€A,,,,,
143,€EK˜€ TAKIMI - 5 PAR€A,,,,,
550.5240.0,AUTOPROTECT-OTOMOT˜K KAYNAK MASKE,,,,,
MIM,LAST˜K D˜ DER˜NL˜¦˜ ™L€ME-0-50 mm,,,,,
OKS.01,OKS˜JEN KAYNAK SET˜,,,,,
5100-A,ASET˜LEN SAAT˜,,,,,
902001,e) aliminyum yapŸtrma seti,,,,,
639 589 03 63 00,D˜G˜TAL TERMOMETRE -50/+280 DERECE,,,,,
K 815 2,V˜TO V˜TES KOLU AYAR APARTI,PANO-3,,,,
K 869 3,˜NSTALLER,,,,,
K 950 4,REMOVER,,,,,
K 951 2,˜NSTALLER SEAL,,,,,
K 952 4,REMOVER BUSH˜NG,,,,,
K 953 3,D˜AL ˜ND˜CATOR,,,,,
000 589 13 99 30,BOOSTER-PAC AKš ARJ ALET˜,,,,,
                  ,F˜ PENSES˜,,,,,
715 589 01 34 00,D˜KEY ANZUMAN KR˜KOSU,,,,,
611 589 00 37 00,ISITMA BUJ˜ LOKMASI,PANO-1,,,,
422 589 01 23 00,ISITMA BUJ˜ PENSES˜,PANO-1 VE B-3 ALTI,,,,
271 589 00 31 00,MOTOR SENTE APARATI,A-5,,,,
111 589 03 15 00,MOTOR SENTE KAMASI,PANO-4,,,,
                  ,MOTOR SENTE ANAHTARI,PANO-4,,,,
646 589 00 91 00,ADAPT™R KABLOSU,A-8,,,,
646 589 01 21 00,HORTUM SET˜,A-5,,,,
000 589 838 63 00,™ZEL EL ALET˜,A-8,,,,
628 589 02 63 00,KABLO SET˜,,,,,
                  ,STORS MARKA ESDESKOP ALET˜,,,,,
W202589044310,ROT €EKT˜RME APARATI Kš€šK,,,,,
W203589013100,ROT €EKT˜RME APARATI BšYšK,,,,,
PAKKENS,GERD˜RME APARATI,,,,,
450 589 00 10 00,KALEM,,,,,
450 589 00 62 00,˜€ TORK T 70,B-4,,,,
450 589 00 91 00,™ZEL EL ALET˜,B-4,,,,
Q0005143V001000000,™ZEL EL ALET˜,B-4,,,,
Q0005149V001000000,TAIYICI,,,,,
450 589 05 63 00,B˜LYALI MAFSAL,,,,,
450 589 06 63 00,™ZEL EL ALET˜,B-4,,,,
Q0005568V001000000,™ZEL EL ALET˜,B-4,,,,
Q0006966V001000000,SOKET,,,,,
Q 450 589 01 91 00,C˜VATA,,,,,
Q0007345V001000000,™ZEL EL ALET˜,B-4,,,,
450 589 16 63 00,C˜VATA,,,,,
450 589 03 33 00,KABLO,B-4,,,,
452 589 00 23 00,™ZEL EL ALET˜,B-4,,,,
450 589 27 63 00,™ZEL EL ALET˜,B-4,,,,
Q0005009V001000000,™ZEL EL ALET˜,B-4,,,,
Q0005136V001000000,™ZEL EL ALET˜,,,,,
450 589 00 15 00,ANAHTAR,,,,,
450 589 01 15 00,™ZEL EL ALET˜,B-4,,,,
Q0005147V001000000,™ZEL EL ALET˜,B-4,,,,
450 589 05 09 00,™ZEL EL ALET˜,,,,,
450 589 17 63 00,™ZEL EL ALET˜,B-4,,,,
450 589 08 09 00,™ZEL EL ALET˜,B-4,,,,
Q0007665V001000000,™ZEL EL ALET˜,B-4,,,,
450 589 02 91 00,ANAHTAR,,,,,
450 589 03 91 00,™ZEL EL ALET˜,B-4,,,,
Q0014668V001000000,ADAPT™R,,,,,
Q0014902V001000000,ADAPT™R TORKU,,,,,
Q0015810V0000000001,™ZEL TORNAV˜DA,,,,,
450 589 26 63 00,™ZEL EL ALET˜,,,,,
                  ,™ZEL EL ALET˜, B-4,,,,
211 589 04 21 01,DARBEL˜ 80 LOKMA 6 K™E,,,,,
842001,SBC KONTROL TAKIMI,Kš€šK PANO-šST RAF,,,,
450 589 03 09 00,STAB˜L˜ZAT™R SET˜,B-4,,,,
450 589 20 63 00,TORX FREN PEDALI,B-4,,,,
452 589 02 09 00,ANT˜F˜R˜Z DOLUM ALET˜,B-4,,,,
451 589 00 40 00,LOKMA ESP BASIN€ SENS™Rš,B-4,,,,
451 589 01 31 00,KARI TUTUCU,B-4,,,,
451 589 01 40 00,SAB˜TLEME APARATI,B-4,,,,
451 589 00 31 00,SAB˜TLEME APARATI,B-4,,,,
 451 589 00 63 00 ,GERD˜RME APARATI,B-4,,,,
451 589 01 39 00,TUTUCU ,B-4,,,,
451 589 00 10 00,UZATMA PAR€A,B-4,,,,
451 589 00 61 00,P˜ML˜ ANAHTAR(SMART),B-4,,,,
451 589 01 10 00,MONTAL ALET˜(SMART),B-4,,,,
451 589 00 62 00,TORX U€ TAKIMI(SMART),B-4,,,,
211 589 04 21 05,ALTLIK YUVA(SMART),B-4,,,,
9647643(08917643),ADAPTOR KABLOSU,,,,,
450 589 04 33 00,EVAPOMAT KL˜MA DEZENFEKTE MODšLš,B-6,,,,
450 589 00 09 00,™ZEL EL ALET˜,B-4,,,,
6511126099,™ZEL EL ALET˜,B-4,,,,
651112099,KABLO,,,,,
Q1X56136512,KABLO,,,,,
OPT-P305J,™ZEL EL ALET˜,,,,,
741 589 02 15 00,HAVALI TABANCA,,,,,
906 589 01 62 00,P˜N,,,,,
272 589 01 33 00,™ZEL EL ALET˜,B-4,,,,
272 589 02 91 00,™ZEL EL ALET˜,B-4,,,,
272 589 01 91 00,™ZEL EL ALET˜,B-4,,,,
204 589 00 63 00,™ZEL EL ALET˜,B-4,,,,
204 589 01 63 00,™ZEL EL ALET˜,B-1,,,,
204 589 00 43 00,™ZEL EL ALET˜    TEST KABLOSU     B˜NEK,B-1,,,,
204 589 01 43 00,™ZEL EL ALET˜,B-1,,,,
204 589 02 43 00,™EL EL ALET˜,B-4,,,,
204 589 03 43 00,™ZEL EL ALET˜,B-4,,,,
 204 589 04 43 00,™ZEL EL ALET˜,B-4,,,,
 KVM1085 ,™ZEL EL ALET˜,,,,,
452 589 00 63 00,™ZEL EL ALET˜,,,,,
QUAN˜X4500,™ZEL EL ALET˜,B-4,,,,
211 589 06 23 00,™ZEL EL ALET˜,B-4,,,,
K8452,BALATA KONTROL ALET˜,,,,,
OPT-P611,MOTOR KRANK €EKT˜RME MALAFASI,,,,,
OPT-P305J,OSAKA MATKAP 10 MM,,,,,
8571-01.GEDORE S20-1000,OSAKA HAVALI TABANCA,B-2,,,,
4550-55 GEDORE 100-550,TORK ANAHTARI,,,,,
230 589 01 33 00 ,HORTUM €IKARACA¦I-221 BaŸlyor OPT-216 ,A-5 RAF,,,,
50+70C,COMMAND C˜HAZI YAZILIM YšKLEME DVD,,,,,
964948900,DUAL D˜J˜TAL TERMOMETRE,,,,,
403 589 03 15 00,YILDIZ ANAHTAR,,,,,
749 589 01 09 00,MALAFA,,,,,
221 589 00 33 00 ,ROT ATTIRACA¦I,A-2,,,,
163 589 03 43 00   ,163 589 03 43 00   ,,,,,
230 589 00 33 00 ,230 589 00 33 00 ,A-3,,,,
221 589 02 33 00,221 589 02 33 00,,,,,
221 589 03 33 00,221 589 03 33 00,A-6,,,,
210 589 04 63 00,210 589 04 63 00,A-9,,,,
271 589 00 10 00,271 589 00 10 00,A-5,,,,
271 589 01 01 00,271 589 01 01 00,B-4,,,,
271 589 02 33 00,271 589 02 33 00,A-9,,,,
271 589 05 63 00,271 589 05 63 00,,,,,
642 589 00 33 00,642 589 00 33 00,A-9,,,,
668 589 00 63 00,668 589 00 63 00,A-9,,,,
A 620 990 03 70,A 620 990 03 70,A-9,,,,
611 589 02 63 00,611 589 02 63 00, A-9,,,,
212 589 00 43 00  ,BUR€ €EKT˜RME,B-1,,,,
171 589 00 34 00,171 589 00 34 00,A-9,,,,
221 589 05 33 00 ,ROT ATTIRACA¦I,A-2,,,,
651 589 01 63 00 ,KABLO APARATI,A-8,,,,
271 589 03 40 00 ,KARI TUTUCU,A-9,,,,
271 589 01 43 00,APARAT, A-9,,,,
MA001 589 38 33 00,MA001 589 38 33 00,PANO-1,,,,
MA001 589 79 09 00,MA001 589 79 09 00,PANO -4,,,,
MA124 589 34 63 00,MA124 589 34 63 00,A-8,,,,
MA221 589 00 31 00,MA221 589 00 31 00,A-9,,,,
MA272 589 02 63 00,MA272 589 02 63 00,A-8,,,,
MA722 589 01 31 00,MA722 589 01 31 00, A-9,,,,
MA722 589 04 15 00,MA722 589 04 15 00,A-9,,,,
MA001 589 51 33 00,MA001 589 51 33 00,PANO-4,,,,
MA124 589 00 91 00,MA124 589 00 91 00,A-5,,,,
MA163 589 01 91 00,MA163 589 01 91 00,A-5,,,,
MA164 589 01 07 00,MA164 589 01 07 00,PANO-4,,,,
MA640 589 00 91 00,MA640 589 00 91 00,A-5,,,,
MA639 589 01 91 00,MA639 589 01 91 00,A-5 RAF,,,,
MA208 589 00 15 00,MA208 589 00 15 00,BšYšK PANO-1,,,,
271 589 00 21 00 ,KONTROL C˜HAZI,,,,,
541 589 00 01 00 ,™ZEL EL ALET˜,A-4,,,,
904 589 00 63 00 ,™ZEL EL ALET˜,A-4,,,,
220 589 01 99 20 ,™ZEL EL ALET˜,A-5,,,,
129 589 00 09 00 ,™ZEL EL ALET˜,A-5,,,,
129 589 10 63 00 ,™ZEL EL ALET˜,A-1 RAF,,,,
163 589 00 15 00 ,™ZEL EL ALET˜,BšYšK PANO-1 RAF,,,,
163 589 00 43 00 ,™ZEL EL ALET˜,A-1 RAF,,,,
163 589 02 15 00 ,™ZEL EL ALET˜,BšYšK PANO-1 RAF,,,,
163 589 06 15 00 ,™ZEL EL ALET˜,BšYšK PANO-1 RAF,,,,
164 589 00 43 00 ,™ZEL EL ALET˜,A-1 RAF,,,,
164 589 01 63 00 ,™ZEL EL ALET˜,B-1,,,,
164 589 02 15 00 ,™ZEL EL ALET˜,A-1 RAF,,,,
164 589 03 15 00 ,™ZEL EL ALET˜,BšYšK PANO-1,,,,
169 589 00 35 00 ,™ZEL EL ALET˜,A-3 ALTI,,,,
169 589 02 62 00 ,™ZEL EL ALET˜,UNMOG 3.PANO ALTI,,,,
169 589 02 63 00 ,™ZEL EL ALET˜,B-1,,,,
210 589 01 14 00 ,™ZEL EL ALET˜,BšYšK PANO-2 RAF,,,,
210 589 03 43 00 ,™ZEL EL ALET˜,A-3 ALTI,,,,
210 589 03 63 00 ,™ZEL EL ALET˜,A-5,,,,
210 589 07 21 00 ,™ZEL EL ALET˜,A-3,,,,
211 589 00 15 00 ,™ZEL EL ALET˜,BšYšK PANO-1,,,,
211 589 00 33 00 ,™ZEL EL ALET˜,A-1 RAF,,,,
211 589 01 63 00 ,™ZEL EL ALET˜,B-1,,,,
240 589 00 91 00 ,™ZEL EL ALET˜,A-1 RAF,,,,
211 589 03 63 00 ,™ZEL EL ALET˜,B-1,,,,
639 589 00 63 00 ,™ZEL EL ALET˜,B-1,,,,
211 589 05 15 00 ,™ZEL EL ALET˜,BšYšK PANO-1,,,,
211 589 06 15 00 ,™ZEL EL ALET˜,B-1,,,,
215 589 01 63 00 ,™ZEL EL ALET˜,A-1 RAF,,,,
220 589 04 43 00 ,™ZEL EL ALET˜,A-1 RAF,,,,
221 589 00 43 00 ,™ZEL EL ALET˜,A-3 ALTI,,,,
221 589 01 43 00,™ZEL EL ALET˜,A-3 ALTI,,,,
230 589 00 43 00 ,™ZEL EL ALET˜,A-3 ALTI,,,,
230 589 11 63 00 ,™ZEL EL ALET˜,B-1,,,,
266 589 00 63 00 ,™ZEL EL ALET˜, A-9,,,,
271 589 00 43 00 ,™ZEL EL ALET˜,BšYšK PANO-1 RAF,,,,
271 589 01 40 00 ,™ZEL EL ALET˜,A-3,,,,
640 589 00 40 00 ,™ZEL EL ALET˜, A-9,,,,
204 589 03 63 00,™ZEL EL ALET˜,A-8,,,,
212 589 00 63 00 ,™ZEL EL ALET˜,B-1,,,,
613 589 00 33 00 ,™ZEL EL ALET˜, A-3,,,,
203 589 01 63 02,™ZEL EL ALET˜,B-1,,,,
638 589 03 33 00 ,™ZEL EL ALET˜,,,,,
639 589 05 63 00 ,™ZEL EL ALET˜,A-5,,,,
220 589 02 31 00 ,™ZEL EL ALET˜,A-5,,,,
164 589 00 10 00 ,™ZEL EL ALET˜,PANO-4,,,,
168 589 02 31 00 ,™ZEL EL ALET˜,A-8,,,,
639 589 00 09 00 ,™ZEL EL ALET˜,A-5,,,,
210 589 00 09 00 ,™ZEL EL ALET˜,PANO-4,,,,
642 589 01 33 00 ,™ZEL EL ALET˜,A-5,,,,
271 589 00 40 00 ,™ZEL EL ALET˜,A-5,,,,
668 589 01 34 00 ,™ZEL EL ALET˜,A-5--A-9 ALTI,,,,
271 589 03 63 00 ,™ZEL EL ALET˜,A-5,,,,
642 589 00 91 00 ,™ZEL EL ALET˜, A-5,,,,
230 589 00 34 00 ,™ZEL EL ALET˜,,,,,
639 589 02 23 00 ,™ZEL EL ALET˜,A-8,,,,
164 589 01 43 00 ,™ZEL EL ALET˜,A-3 ALTI,,,,
164 589 03 43 00 ,™ZEL EL ALET˜,A-3 ALTI,,,,
901 589 04 63 00 ,™ZEL EL ALET˜,,,,,
271 589 01 33 00 ,™ZEL EL ALET˜,PANO-4,,,,
163 589 01 15 00 ,™ZEL EL ALET˜,BšYšK  PANO-1,,,,
639 589 00 40 00 ,™ZEL EL ALET˜, A-5,,,,
203 589 03 31 00 ,™ZEL EL ALET˜, A-3,,,,
642 589 00 40 00 ,™ZEL EL ALET˜, A-5,,,,
606 589 00 37 00 ,™ZEL EL ALET˜,PANO-4,,,,
201 589 08 15 00 ,™ZEL EL ALET˜,A-5---B-3 ALTI,,,,
611 589 01 40 00 ,™ZEL EL ALET˜,A-5,,,,
639 589 05 63 00 ,™ZEL EL ALET˜,,,,,
606 589 00 37 00 ,™ZEL EL ALET˜,,,,,
129 589 01 09 00 ,™ZEL EL ALET˜,A-1 RAF,,,,
221 589 01 33 00 ,™ZEL EL ALET˜,A-5,,,,
129 589 11 63 00 ,™ZEL EL ALET˜,PANO-4,,,,
164 589 00 05 00 ,™ZEL EL ALET˜,PANO-4,,,,
100 589 02 59 00 ,™ZEL EL ALET˜,A-5,,,,
211 589 01 03 00 ,™ZEL EL ALET˜, A-5,,,,
129 589 11 63 00 ,™ZEL EL ALET˜,,,,,
611 589 02 33 00 ,™ZEL EL ALET˜,A-5,,,,
169 589 00 62 00 ,™ZEL EL ALET˜,PANO-4,,,,
169 589 01 62 00 ,™ZEL EL ALET˜,,,,,
                  ,114047 BOYA KALINLIK ™L€ME C˜HAZI,,,,,
                  ,KAYNAK€I CEKET˜ (ENZET617),,,,,
450 589 00 07 00 ,TANK ANAHTARI,A-3,,,,
203 589 03 10 00 ,VENT˜L ANAHTARI,A.5,,,,
208 589 00 21 00 ,BASKI TERT˜BATI,A-5,,,,
211 589 02 21 00 ,S˜LECEK APARATI,B-6,,,,
169 589 00 37 00 ,€AKMAKLIK €IKARMA AP.,A-5,,,,
                  ,182-003A-AKš TEST PRENTER SET˜,,,,,
                  ,SW˜CHMODE 220 1FAZ/80V 20A,,,,,
                  ,RONEY 25 MET. ARA KABLOSU,,,,,
                  ,SES D˜NLEME C˜HAZI , B-2,,,,
607 589 01 15 00 ,™ZEL EL ALET˜,A-1 RAF,,,,
607 589 05 43 00 ,™ZEL EL ALET˜ ,A-1 RAF,,,,
607 589 04 43 00 ,™ZEL EL ALET˜,A-1 RAF,,,,
607 589 00 15 00 ,™ZEL EL ALET˜,A-1 RAF,,,,
415 589 00 91 00 ,™ZEL EL ALET˜,A-1 RAF,,,,
415 589 01 91 00 ,™ZEL EL ALET˜,A-1 RAF,,,,
270 589 02 40 00 ,™ZEL EL ALET˜,A-4 RAF,,,,
270 589 02 91 00 ,™ZEL EL ALET˜,A-1 RAF,,,,
607 589 00 43 00 ,™ZEL EL ALET˜,A-1 RAF,,,,
607 589 00 91 00 ,™ZEL EL ALET˜,A-1 RAF,,,,
607 589 02 91 00 ,™ZEL EL ALET˜,A-1 RAF,,,,
607 589 01 91 00 ,™ZEL EL ALET˜,A-1 RAF,,,,
607 589 00 31 00 ,™ZEL EL ALET˜,A-1 RAF,,,,
607 589 03 43 00 ,™ZEL EL ALET˜,A-1 RAF,,,,
607 589 02 43 00 ,™ZEL EL ALET˜,A-1 RAF,,,,
270 589 01 91 00 ,™ZEL EL ALET˜,A-1 RAF,,,,
B007 280 424 ,B007 280 424 D˜˜ TORX LOKMA,,,,,
514 589 01 62 00 ,™ZEL EL ALET˜,,,,,
700 589 00 15 00 ,™ZEL EL ALET˜,A-1 RAF,,,,
415 589 00 63 00 ,™ZEL EL ALET˜,A-1 RAF,,,,
607 589 02 40 00 ,™ZEL EL ALET˜,A-1 RAF,,,,
607 589 01 40 00 ,™ZEL EL ALET˜,A-1 RAF,,,,
700 589 01 14 00 ,™ZEL EL ALET˜,A-1 RAF,,,,
415 589 00 33 00 ,™ZEL EL ALET˜,A-1 RAF,,,,
700 589 01 15 00 ,™ZEL EL ALET˜,A-1 RAF,,,,
700 589 02 15 00 ,™ZEL EL ALET˜,A-1 RAF,,,,
607 589 01 43 00 ,™ZEL EL ALET˜,A-1 RAF,,,,
000 589 00 21 00 ,™ZEL EL ALET˜ ADAPT™R KUTU,B-2---B-3 ALTI,,,,
700 589 00 14 00 ,™ZEL EL ALET˜,A-1 RAF,,,,
422 589 01 09 00 ,™ZEL EL ALET˜,,,,,
607 589 03 91 00 ,™ZEL EL ALET˜,A-1 RAF,,,,
000 589 08 63 00 ,™ZEL EL ALET˜,A-1 RAF,,,,
607 589 00 63 00 ,C˜TAN BA¦LANTI KABLOSU,A-6. RAF ALTI,,,,
270 589 01 61 00 ,™ZEL EL ALET˜,B-4,,,,
                  ,BETA TORK-E-20 LOKMAN,,,,,
                  ,LETL˜-ELLAMBASI,,,,,
103 589 03 09 00 ,™ZEL EL ALET˜,,,,,
R01-260,"150x0,01MM D˜J˜TAL. KUMPAS",,,,,
220 589 00 99 02,220 589 00 99 02,Kš€šK PANO 1,,,,
450 589 10 21 00     ,YAYLI TERAZ˜,,,,,
140 589 02 33  00    ,ACI ™LCšM,,,,,
220 589 05 99 00 ,KABLO SET˜ ,B-3,,,,
001 589 78 21 00,EL ALET˜,B-2,,,,
626 589 02 40 00 ,™ZEL EL ALET,A-1 RAF,,,,
626 589 04 40 00 ,AYAR EL ALET˜,A-1 RAF,,,,
270 589 01 91 00 ,ADAPT™R, B-4,,,,
626 589 01 91 00 ,™ZEL ALET,A-1 RAF,,,,
626 589 00 40 00 ,™ZEL ALET,A-1 RAF,,,,
271 589 07 63 00 ,"GERD˜R˜C˜,Z˜NC˜R ™L€ME",B-4,,,,
626 589 01 40 00 ,TUTMA K˜L˜D˜,A-1 RAF,,,,
626 589 03 40 00 ,TUTMA K˜L˜D˜,A-1 RAF,,,,
272 589 00 91 00 ,ADAPT™R,B-4,,,,
626 589 00 15 00,MALAFA,A-1 RAF,,,,
450 589 17 21 00 ,™ZEL EL ALET˜,B-4,,,,
270 589 00 40 00 ,Tutma kilidi, B-4,,,,
278 589 01 15 00 ,ENJEKT™R BAKIM TAKIMI, B-4,,,,
278 589 00 33 00 ,Enjekt”r €ektirme, B-4,,,,
                  ,Lastik hava basma hortumu,,,,,
470 589 01 62 01 ,S™KME APARATI,,,,,
103 589 00 21 00 ,EL ALET˜,Kš€šK PANO-1 RAF,,,,
700 589 08 15 00 ,Malafa,A-1 RAF,,,,
700 589 04 43 00 ,El aleti,A-1 RAF,,,,
700 589 09 15 00 ,Malafa,A-1 RAF,,,,
129 589 00 91 00  ,MEOT ENJEKT™R TAPA SET˜,A-4--B-3 ALTI,,,,
266 589 01 63 00,MEOT HTA,A-8+A-9 ALTI,,,,
700 589 00 31 00 ,™zel el aleti,A-1 RAF,,,,
278 589 00 09 00 ,Buji anahtar,PANO-1,,,,
001 589 01 16 10 ,Yldz anahtar Binek,A-4,,,,
129 589 00 91 00 ,tapa Binek, A-4,,,,
607 589 05 63 00 ,temel plaka Binek, A-4,,,,
642 589 05 63 00 ,montaj elemanBinek, A-4,,,,
654 589 00 09 00 ,lokma anahtarBinek, A-4,,,,
654 589 00 14 00 ,kovanBinek, A-4,,,,
654 589 00 21 00 ,ayar aletiBinek,A-4,,,,
654 589 00 31 00 ,montaj plakaBinek,A-4,,,,
654 589 00 40 00,tutma par‡aBinek,A-4,,,,
654 589 00 91 00 ,adapt”rBinek,A-4,,,,
654 589 01 40 00 ,tutma aletiBinek,A-4,,,,
654 589 01 43 00,‡ektirmeBinek,A-4,,,,
725 589 00 90 00 ,Ÿanzuman ya§ basma adat”r,A-4,,,,
725 589 02 90 00 ,Binek Otomatik anzman Ya§ Seviyesi Ayarlama aparat,A-4,,,,
                  ,KLD 360 KALDIRA€ OTOTRANFER APARATI,A-3 ALTI,,,,
                  ,KLD 360 KALDIRA€ OTOTRANFER APARATI,A-6 ALTI,,,,
129 589 01 21 00 ,Binek direksiyon sabitleme aparat,B-2,,,,
                  ,500cc Gres Pompas NFZ 6230260500,,,,,
000 589 02 21 00 ,GECE G™Rš KAMERASI,A-6 ALTI,,,,
470 589 01 07 00 ,TIRNAKLI ANAHTAR X CLASS B˜NEK,A-4,,,,
470 589 04 23 00 ,EL ALET˜ X CLASS B˜NEK, A-4,,,,
470 589 05 15 00 ,MALAFA, A-4,,,,
470 589 06 15 00 ,MALAFA, A-4,,,,
000 589 13 99 30 ,Piriz€kartma tornavidas EURO 6 NFZ,,,,,
,714 107 92 09 611 WšRTH  fiŸ ‡akma pensesi X CLASS B˜NEK,,,,,
699 589 01 40 00 ,Kars Tutma PA X CLASS B˜NEK, A-4,,,,
699 589 00 40 00 ,Tutma Kilidi X CLASS B˜NEK, A-4,,,,
470 589 07 15 00 ,Malafa X CLASS B˜NEK, A-4,,,,
470 589 26 91 00 ,Adapt”r X CLASS B˜NEK, A-4,,,,
470 589 11 15 00 ,Malafa X CLASS B˜NEK, A-4,,,,
470 589 09 15 00 ,Malafa X CLASS B˜NEK, A-4,,,,
470 589 08 15 00,Malafa Seti X CLASS B˜NEK, A-4,,,,
470 589 12 15 00,Malafa Seti X CLASS B˜NEK, A-4,,,,
 001 589 00 40 00 ,SAP Par‡a,A-4,,,,
725 589 00 59 00 ,S”kme Takma,A-4,,,,
220 589 00 99 38,Kontrol Kablosu,Kš€šK PANO-1 ,,,,
220 589 00 99 02 ,Adapt”r Hatt,,,,,
Ka-Bo,QGK15202018-24H Servis Tamir Kiti,,,,,
000 589 38 31 00  ,Ba§lama Band,NFZ Raf Yeri:Sa§ Raf-4-EnSonda ,,,,
,Byte‡ -GLASS Magnifying- Masis - 90 mm,,,,,
210 589 00 91 00 ,Su ka‡a§n bulma aparat,A-5,,,,
246 589 01 33 00,W-246 589 01 33 00 SBC S™KET,A-1 RAF,,,,
715 589 05 21 00,715 589 05 21 00,Kš€šK PANO-šST RAF,,,,
211 589 03 21 00,211 589 03 21 00,Kš€šK PANO-šST RAF,,,,
435 589 00 21 00,435 589 00 21 00,UN˜MOG PANO-2,,,,
425 589 00 15 00,425 589 00 15 00 PKW-TORNAV˜DA,UN˜MOG PANO-2,,,,
015 589 01 15 00 ,PKW-TORNAV˜DA,UN˜MOG PANO-2,,,,
102 589 03 33 00,102 589 03 33 00,PANO-1,,,,
123 589 05 33 00 ,PKW-10 ALYAN,PANO-1,,,,
901 589 00 63 00,901 589 00 63 00,PANO-1,,,,
000 589 05 07 00,W 000 589 05 07 00,PANO-1,,,,
123 581 00 67 00,123 581 00 67 00,PANO-1,,,,
673 589 00 15 00,673 589 00 15 00,PANO-1,,,,
435 589 00 35 00,435 589 00 35 00,PANO-2,,,,
406 589 07 33 00,406 589 07 33 00,PANO-2,,,,
437 589 00 23 00,437 589 00 23 00,PANO-2,,,,
427 589 00 43 00,427 589 00 43 00, PANO-2,,,,
427 589 01 43 00,427 589 01 43 00, PANO-2,,,,
140 589 00 14 02,140 589 00 14 02, PANO-2,,,,
435 581 00 02 00,435 581 00 02 00,PANO-2,,,,
000 589 64 09 00,W 000 589 64 09 00,PANO-2,,,,
437 589 01 37 00,437 589 01 37 00,HAZET   PANO-2,,,,
385 589 04 63 00,385 589 04 63 00,PANO-2,,,,
000 589 45 31 00,W 000 589 45 31 00,PANO-2,,,,
103 589 03 15 00,103 589 03 15 00,PANO-2,,,,
000 589 10 53 00,W 000 589 10 53 00,PANO-2,,,,
203 589 02 43 01,203 589 02 43 01,PANO-2,,,,
168 589 04 14 00,168 589 04 14 00,PANO-2,,,,
202 589 00 07 00,202 589 00 07 00,PANO-2,,,,
129 589 06 23 00,129 589 06 23 00,PANO-2,,,,
112 589 02 31 00,112 589 02 31 00,PANO-2,,,,
427 589 01 43 00,427 589 01 43 00,PANO-2,,,,
129 589 06 23 00,129 589 06 23 00,PANO-2,,,,
111 589 08 43 01 ,APARAT, A-2,,,,
668 589 00 34 00 ,€EKT˜RME, A-2,,,,
202 589 13 63 01 ,HELEZON €EKT˜RMES˜ , A-2,,,,
202 589 13 63 02,HELEZON €EKT˜RMES˜, A-2,,,,
202 589 14 63 01 ,HELEZON €EKT˜RMES˜, A-2,,,,
202 589 14 63 02 ,HELEZON €EKT˜RMES˜, A-2,,,,
129 589 03 43 07 ,™ZEL EL ALET,A-2,,,,
220 589 03 43 03 ,™ZEL ALET, A-2,,,,
230 589 00 34 02 ,™ZEL EL ALET˜, A-3,,,,
202 589 04 43 01 ,™ZEL EL ALET˜, A-3,,,,
202 589 04 43 02 ,™ZEL EL ALET˜, A-3,,,,
638 589 03 33 03 ,™ZEL EL ALET˜, A-3,,,,
202 589 04 43 06  ,™ZEL EL ALET˜, A-3,,,,
202 589 04 43 07  ,™ZEL EL ALET˜, A-3,,,,
163 589 01 07 00  ,™ZEL EL ALET˜, A-3,,,,
617 589 04 21 00  ,HAVA ™L€ME VAKUM SAAT˜,Kš€šK PANO 2,,,,
001 589 75 09 00 ,YILDIZ K™E 55,Kš€šK PANO-2,,,,
168 589 03 43 03,€EKT˜RME,A-4,,,,
124 589 05 43 01  ,€EKT˜RME,A-4,,,,
210 589 00 43 06   ,€EKT˜RME,A-4,,,,
A 000 092 47 08 ,A 000 092 47 08 KAPAKLI BASIN€ SAAT˜,Kš€šK PANO 3,,,,
246 589 00 40 00 ,MAR AKIM SINIRLAYICISI,A-4,,,,
658 589 01 63 00 ,™ZEL EL ALET˜, A-4,,,,
000 589 55 43 00 ,™ZEL EL ALET˜,A-4,,,,
000 589 56 43 00 ,™ZEL EL ALET,A-4,,,,
724 589 00 33 00 ,OTOMAT˜K ANZ. €EKT˜RME,A-2,,,,
724 589 01 33 00 ,OTOMAT˜K ANZ. €EKT˜RME,A-5,,,,
210 589 01 16 00 ,™ZEL EL ALET˜,A-5,,,,
117 589 03 23 00 ,™ZEL EL ALET˜,A-5,,,,
000 589 18 53 00 ,™ZEL EL ALET˜,A-5,,,,
000 589 16 33 00 ,€EKT˜RME AYAKLARI,A-5-UN˜MOG P2,,,,
001 589 71 21 00  ,™ZEL EL ALET˜,PANO-3,,,,
000 589 00 40 00 ,™ZEL EL ALET˜,PANO-3  A-3 ALTI,,,,
126 589 02 62 00 ,™ZEL EL ALET˜ ,PANO-3,,,,
166 589 00 63 00 ,™ZEL EL ALET˜,PANO-3,,,,
168 589 00 43 01 ,™ZEL EL ALET˜,PANO-4,,,,
168 589 00 43 02 ,™ZEL EL ALET˜,PANO-4,,,,
168 589 05 63 00 ,™ZEL EL ALET˜,PANO-4,,,,
220 589 02 33 00 ,™ZEL EL ALET˜,PANO-4,,,,
168 589 03 43 10 ,™ZEL EL ALET˜,PANO-4,,,,
166 589 01 14 00,™ZEL EL ALET˜,PANO-4,,,,
230 589 00 34 01  ,MALAFA, BšYšK PANO-1,,,,
730 589 05 15 00  ,MALAFA  ,BšYšK PANO-2,,,,
730 589 01 43 00  ,MALAFA,BšYšK PANO-2,,,,
711 589 16 15 00 ,MALAFA,BšYšK PANO-2,,,,
715 589 00 34 00  ,MALAFA,BšYšK PANO-1,,,,
715 589 04 15 00  ,BURC,BšYšK PANO-1,,,,
406 589 08 61 00  ,BURC,BšYšK PANO-1,,,,
730 589 02 43 00  ,BURC,BšYšK PANO-1,,,,
168 589 00 90 00 ,™ZEL EL ALET˜,Kš€šK PANO šST RAF,,,,
202 589 00 43 02  ,€EKT˜RME,A-6,,,,
271 589 00 91 00 ,D˜ZELHAVA KA€A¦I BULMA,A-5,,,,
273 589 00 91 00 ,BENZ.HAVA KA€A¦I BULMA,A-5,,,,
901 589 00 43 00 ,™ZEL EL ALET˜, A-6,,,,
220 328 02 79 00,220 328 02 79 00, A-6,,,,
140 589 11 63 00 ,ANZIMAN APARATI, A-6,,,,
715 589 04 21 00 ,V˜TES KOLU AYAR APARAT, A-6,,,,
000 589 49 37 00 ,™ZEL EL ALET˜, A-3 ALTI,,,,
000 589 54 43 00 ,™ZEL EL ALET˜, A-3 ALTI,,,,
000 589 53 43 00 ,™ZEL EL ALET˜,A-3 ALTI,,,,
446 301 02 10 ,™ZEL EL ALET˜,A-3 ALTI,,,,
168 589 00 27 00 ,™ZEL EL ALET˜, A-7,,,,
168 589 01 27 00 ,™ZEL EL ALET˜, A-7,,,,
168 589 01 63 00,™ZEL EL ALET˜,A-7,,,,
168 589 02 23 00 ,™ZEL EL ALET˜,A-7,,,,
168 589 03 23 00 ,™ZEL EL ALET˜, A-7,,,,
203 589 01 23 00  ,APARAT,A-9,,,,
203 589 02 27 00  ,APARAT, A-9,,,,
203 589 07 22 00  ,APARAT, A-9,,,,
KA-BO,W0986615330 VENT˜L, B-2,,,,
NFZ,CETAFORM  C˜TAN BALATA €EKT˜RMES˜,B-2,,,,
204 589 04 43 01   ,™ZEL EL ALET˜,B-4,,,,
204 589 04 43 02   ,™ZEL EL ALET˜,B-4,,,,
270 589 00 07 00   ,™ZEL EL ALET˜,B-4,,,,
270 589 01 07 00   ,™ZEL EL ALET˜,B-4,,,,
270 589 00 91 00   ,™ZEL EL ALET˜,B-4,,,,
111 018 03 02   ,SMART  ™ZEL EL ALET˜,B-4,,,,
622 004 10 09 ,SMART JAK,B-4,,,,
450 589 01 09 00 ,SMART,B-4,,,,
450 589 01 33 00  ,SMART,B-4,,,,
168 589 00 23 00 ,MOTOR SEHPASI,UN˜MOG PANO-3 ALTI,,,,
450 589 11 21 00  ,SMART,B-4,,,,
204 589 03 43 02,204 589 03 43 02,B-4,,,,
450 589 07 09 00,450 589 07 09 00,B-4,,,,
451 589 00 09 00   ,E-10, B-4,,,,
450 589 01 40 00 ,SMART,B-4,,,,
450 589 00 63 00 ,SMART,B-4,,,,
450 589 02 09 00 ,SMART,B-4,,,,
PKW,00015143V001000000 SMART,B-4,,,,
PKW,Q001 4668 V0010 0000 SMART,B-4,,,,
450 589 03 11 00 ,SMART,B-4,,,,
450 589 04 21 00,450 589 04 21 00,B-4,,,,
699 589 00 05 00  ,KANCA ANAHTARI  X-CLASS,A-4,,,,
699 589 00 15 00 ,SšRšKLEME ALET˜  X-CLASS,A-4,,,,
699 589 02 40 00 ,AYARLAMA APARATI X-CLASS,A-4,,,,
699 589 03 40 00 ,TUTMA K˜L˜D˜  X-CLASS,A-4,,,,
204 589 02 63 02,KAPAK , B-1,,,,
470 589 10 15 00  ,MALAFA  X-CLASS, A-4.,,,,
470 588 02 23 00 ,AYAR G™STERGES˜ X-CLASS,A-4,,,,
PKW,SES D˜NLEME ALET˜ DOKTOR T˜P˜,B-5,,,,
KABO,S˜L˜ND˜R KAPAK TEM˜ZLEME SET˜,B-6,,,,
NFZ,BASIN€ TEST ALET˜   ,B-6,,,,
KABO,HAVALI SUBAP MONTAJ TABANCA,B-6,,,,
NFZ,€EKT˜RME,B-6,,,,
611 589 00 14 00 ,€EKT˜REREK TAKMA ALET˜,A-3,,,,
116 589 00 15 00 ,MALAFA,A-3,,,,
611 589 00 63 00 ,BA¦LANTI PAR€ASI,A-3,,,,
716 589 03 33 00 ,€IKARMA,A-4,,,,
119 589 00 43 00 ,MALAFA,A-4,,,,
112 589 09 61 00 ,MONTAJ EL ALET˜,A-4,,,,
220 589 04 99 38 ,K˜L˜T A€MA EL ALET˜,A-4,,,,
470 588 00 21 00 ,RADAR SENS™Rš AYAR G™STERGES˜09842-10-AYAR PANOSU,A-4,,,,
321 589 04 21 00  ,AYAR C˜HAZI,A-2,,,,
447 589 01 63 00  ,V˜N€ KOLU,A-6 ALTI,,,,
285 589 00 21 00  ,™ZEL EL ALET˜ B˜DON,A-6 ALTI,,,,
000 588 20 21 00 ,RADAR SENS™Rš H˜ZALAMA,A-4.,,,,
,W588006200 CALASKA  X CALASS,A-6 ALTI,,,,
000 588 00 99 00 ,Kemer tokas-Aksiyon aleti,MASA 2.€EKMECE,,,,
000 588 16 31 00  ,UYARLAMA ELAMANI,C-2,,,,
253 589 00 15 00   ,MALAFA,C-2,,,,
KABO,HZ48121045 G™RšNTšLš ENDOSKOB˜ SET˜,B-3 RAF,,,,
KABO,2L˜ AL˜MUNYUM G™VDE VANTUZ,B-6 RAF,,,,
MW177 589 00 09 00 ,LOKMA EL ALET˜,A9 RAF,,,,
MW000 589 93 63 00 8,MONTAJ EL ALET˜,A9 RAF,,,,
MW177 589 01 09 00,LOKMA ANAHTAR ELEMANI,A9RAF,,,,
MW254 589 00 23 00,SAB˜TLEME TERT˜BATI,A4 RAF,,,,
MW254 589 00 23 00,SAB˜TLEME TERT˜BATI,A4RAF,,,,
MW256 5489 02 31 00 ,MONTAJ EL ALET˜,A4RAF,,,,
MW285 589 01 03 00,HALKA ANAHTAR ELEMANI,C2RAF,,,,
001 588 00 54 00 ,SEHPA,B˜NEK ATOLYE ,,,,
243 58902 43 00,€EKME TAKMA ALET˜,A9 RAF,,,,
253 589 00 15 00   ,MALAFA,A9 RAF,,,,
000 588 13 62 00 ,AGREGA YUVASI,A9 RAF,,,,
297 589 00 31 00,AC˜L DURUM TAKOZ SET˜,A4 RAF,,,,
000 588 14 62 00,UYARLAMA ELEMANI,A3 RAF ALTI,,,,
243 588 00 32 00,BA¦LAMA PLAKALARI,A4RAF,,,,
000 588 20 31 00,DAYAMA MALZEMES˜,A9 RAF,,,,
000 588 16 31 00,UYARLAMA ELAMANI,B4 RAF,,,,
001 589 76 21 00 ,KOMPRESYON ™L€ME ALET˜ ,B-3 RAF,,,,
256 589 01 91 00,ADAPT™R,A-1 RAF,,,,
271 589 09 63 00 ,MONTAJ ELEMANI,A-1 RAF,,,,
654 589 00 33 00,PER€˜N BASTIRMA ELEMANI,B-2 RAF,,,,
654 589 00 32 00 ,PLAKA,A-1 RAF,,,,
000 589 08 63 00 ,BARKOD OKUYUCU,A-1 RAF,,,,
000 589 01 68 01 ,TEM˜ZLEME MALZEMES˜,A-1 RAF,,,,
220 589 05 99 00,ELEKTR˜K BA¦LANTI SET˜,TšRKER˜N ODASI,,,,
000 588 19 31 00,YšK TESP˜T NOKTASI MALZEMES˜,B˜NEK ATA™LYES˜,,,,
170 589 04 63 00 ,DESTEK,PANO 3,,,,
243 589 00 91 00 ,KONTROL KAPA¦I,A2 RAF,,,,
000 589 51 31 00 ,ADAPT™R,A2 RAF,,,,
617 589 00 10 00 ,TORNOV˜DA ELEMANI,PANO 1,,,,
000 589 48 31 00 ,TUTUCU,A3 RAF ARKASI,,,,
129 589 01 21 00 ,TUTMA TERT˜BATI,A3 RAF ARKASI,,,,
211 589 00 31 00 ,ADAPTER,A3 RAF ARKASI,,,,
000 588 07 19 00 ,™L€šM C˜HAZI ,A3 RAF ARKASI,,,,
654 589 03 21 00 ,AYAR ALET˜,A3 RAF ARKASI,,,,
642 589 02 63 00,V˜DALANAB˜L˜R PAR€A,A4 RAF,,,,
170 589 04 63 00 ,DESTEK,B4 RAF,,,,
725 589 004000 ,TESPIT TERT˜BATI ,A3 RAF ARKASI,,,,
116 589 0659 00,MONTAJ SEHPASI ,A3 RAF ARKASI ,,,,
140 589 34 63 00 ,W140589346300 TESP˜T PLKASI,A3 ARKASI,,,,
PKW,M˜TUTO  SILINDIR KOMPARAT™Rš,B3 RAF,,,,
000 588 00 62 00,CALASKA,A6 RAF ALTI,,,,
722 589 00 31 00,MONTAJ ELEMANI,A3 RAF ARKASI,,,,
001 589 12 91 00,W 001 589 12 91 00,B6 RAF,,,,
293 589 00 23 00,293 589 00 23 00,B6 RAF,,,,
715 589 22 15 00,W715 589 22 15 00,B6 RAF,,,,
000 589 95 63 00,W 000 589 95 63 00,B6 RAF,,,,
129 589 00 91 12,129 589 00 91 12,B6 RAF,,,,
725 589 03 40 00,725 589 03 40 00,B6 RAF,,,,
725 589 02 40 00,725 589 02 40 00,B6 RAF,,,,
206 589 00 21 00,W206 589 00 21 00,B6 RAF,,,,
001 589 13 91 00,W 001 589 13 91 00,B4 RAF,,,,
000 589 40 37 00,W 000 589 40 37 00,B6 RAF,,,,
454 589 00 37 00,454 589 00 37 00,B6 RAF,,,,
001 589 06 91 00,W 001 589 06 91 00,B4 RAF,,,,
654 589 00 43 00,654 589 00 43 00,B6 RAF,,,,
656 589 00 15 00,656 589 00 15 00,B6 RAF,,,,
454 589 00 03 00,454 589 00 03 00,B6 RAF,,,,
654 589 03 21 01,654 589 03 21 01,B6 RAF,,,,
654 589 01 31 00 ,654 589 01 31 00 ,B6 RAF,,,,
000 589 51 37 00,W 000 589 51 37 00,B6 RAF,,,,
000 589 54 37 00,W 000 589 54 37 00,B6 RAF,,,,
140 589 00 63 00,140 589 00 63 00,B6 RAF,,,,
608 589 01 40 00,608 589 01 40 00,B.6 RAF,,,,
210 589 00 91 00,KONTROL KAPA¦I,A2 RAF,,,,
606 589 00 37 00,PENSE,B6 RAF,,,,
447 589 01 31 00,ADAPT™R SET˜,B6 RAF,,,,
654 589 03 40 00,KONTRA,B6 RAF,,,,
907 589 00 09 00,LOKMA ANAHTAR,B6 RAF,,,,
654 589 02 43 00,MONTAJ ALET˜,B6 RAF,,,,
447 589 00 62 00,TUTMA TERT˜BATI,A3 RAF ARKASI,,,,
447 589 00 63 00,DESTEK,A3 RAF ARKASI,,,,
741 589 02 15 00,MALAFA,B6 RAF,,,,
254 589 00 15 00,W254 589 00 15 00,B.6 RAF,,,,
470 589 02 07 00 ,OLUKLU SOMUN ANAHTARI,,,,,
